id,reference_path,search_path,gt_x,gt_y,gt_box_x,gt_box_y,gt_box_w,gt_box_h,architecture,noise_bucket,beam_spot_size_nm,collapse_threshold_nm,dose_reference,dose_search,detector_noise_sigma_ref,detector_noise_sigma_search,shear_amplitude_px,drift_jitter_px,astigmatism_ratio,vignette_strength,gamma,barrel_distortion_k,charging_streak_prob,charging_streak_intensity,speckle_sigma,salt_pepper_prob,linewidth_bias_nm,corner_rounding_px,mat_size_nm,strip_width_nm,boundary_bias,scale_ratio,rotation_deg,seed
0,dataset/reference/00000.png,dataset/search/00000.png,844.6,285.6,794.6,235.60000000000002,100.0,100.0,dram_legacy,easy,3.5568512242015466,10.0,2845.820701454363,250.7897956848362,2.5513713804903873,5.642456836765533,0.6807609717062325,0.45941388575040926,0.9520399083786941,0.0,0.9803032426819314,0.0,0.0,0.0,0.0,0.0,0.0,0.0,2600.0,320.0,0.55,10.0,0.0,7
1,dataset/reference/00001.png,dataset/search/00001.png,253.8,916.1,203.8,866.1,100.0,100.0,dram_legacy,easy,4.110462701032697,10.0,2675.45704017945,395.7847305519024,2.092395583196311,5.267017398972479,0.9519042835756305,0.4105223924431114,1.077125133231946,0.0,0.9513970780723694,0.0,0.0,0.0,0.0,0.0,0.0,0.0,2600.0,320.0,0.55,10.0,0.0,7
2,dataset/reference/00002.png,dataset/search/00002.png,818.9,220.6,768.9,170.6,100.0,100.0,dram_loose,easy,3.7391207570260683,10.0,2655.4857883693976,350.4762909568732,2.41430066171934,5.3370180332338375,0.4840239798897408,0.41460786495145857,1.0032812551184747,0.0,1.0449534852006896,0.0,0.0,0.0,0.0,0.0,0.0,0.0,2600.0,320.0,0.55,10.0,0.0,7
3,dataset/reference/00003.png,dataset/search/00003.png,559.2,950.0,509.20000000000005,900.0,100.0,100.0,dram_dense,easy,3.383787813655733,10.0,2809.94417665668,328.97053309455396,1.1965833023360652,4.075038825535699,0.47591637916116497,0.4783541917269438,0.9037743345166499,0.0,1.04062515748401,0.0,0.0,0.0,0.0,0.0,0.0,0.0,2600.0,320.0,0.55,10.0,0.0,7
4,dataset/reference/00004.png,dataset/search/00004.png,558.6,557.8,508.6,507.79999999999995,100.0,100.0,dram_compact,easy,4.991465224812167,10.0,2833.849799544321,323.0873176576618,1.1898083887208377,4.1137031545245755,0.8446675934665495,0.3688200052906702,0.9429796906283237,0.0,0.9947135610542815,0.0,0.0,0.0,0.0,0.0,0.0,0.0,2600.0,320.0,0.55,10.0,0.0,7
5,dataset/reference/00005.png,dataset/search/00005.png,591.7,114.3,541.7,64.3,100.0,100.0,dram_1x,easy,3.732802971456082,10.0,2521.347409325478,280.0719671102136,2.68883449026308,4.847080644905075,0.48342746388220825,0.39163702713037685,0.8983534846182144,0.0,1.0328329578577904,0.0,0.0,0.0,0.0,0.0,0.0,0.0,2600.0,320.0,0.55,10.0,0.0,7
6,dataset/reference/00006.png,dataset/search/00006.png,237.8,905.4,187.8,855.4,100.0,100.0,dram_loose,easy,3.962732667886912,10.0,1792.4131491380883,377.2657489069946,1.178685502988783,4.4434307683191765,0.5843512349109322,0.3611001483760254,0.9714999454795347,0.0,1.0330813829618335,0.0,0.0,0.0,0.0,0.0,0.0,0.0,2600.0,320.0,0.55,10.0,0.0,7
7,dataset/reference/00007.png,dataset/search/00007.png,298.6,110.5,248.60000000000002,60.5,100.0,100.0,dram_1x,easy,4.555211496716826,10.0,2659.3545902588035,398.9995493965733,2.9840056637328813,4.154766982449487,0.7939498905415155,0.48840098725794456,1.1177563260373964,0.0,1.025504813061578,0.0,0.0,0.0,0.0,0.0,0.0,0.0,2600.0,320.0,0.55,10.0,0.0,7
8,dataset/reference/00008.png,dataset/search/00008.png,237.4,476.2,187.4,426.2,100.0,100.0,dram_legacy,easy,3.0371632929625028,10.0,1518.5543223502343,341.02760291305685,2.482050352128388,4.673366831179621,0.7261318142612544,0.3142036515179371,1.0289066541444356,0.0,1.0165324918340155,0.0,0.0,0.0,0.0,0.0,0.0,0.0,2600.0,320.0,0.55,10.0,0.0,7
9,dataset/reference/00009.png,dataset/search/00009.png,417.3,459.2,367.3,409.2,100.0,100.0,dram_legacy,easy,4.391390320144604,10.0,2129.8941874934303,393.9662573284272,2.351245729977337,5.064504342287481,0.5242707100054657,0.32041785707043696,0.9234567983556835,0.0,1.029315670955831,0.0,0.0,0.0,0.0,0.0,0.0,0.0,2600.0,320.0,0.55,10.0,0.0,7
10,dataset/reference/00010.png,dataset/search/00010.png,125.46018480906928,313.1748333705382,69.90462925351372,257.61927781498264,111.11111111111111,111.11111111111111,dram_loose,scale_rot,7.923011898130353,10.0,2300.822939146054,185.47836923036073,2.8039846239081614,7.212656096806808,0.9746510525320975,0.6871309281621122,0.9862237076099066,0.0,1.0353473734878096,0.0,0.0,0.0,0.0,0.0,0.0,0.0,2600.0,320.0,0.35,9.0,1.0,7
11,dataset/reference/00011.png,dataset/search/00011.png,893.7254411130501,211.56436838450242,841.0938621656817,158.932789437134,105.26315789473684,105.26315789473684,dram_compact,scale_rot,6.152078633434216,10.0,2511.2612260190886,213.0550206602667,2.3052739783289815,6.975883394226633,0.9953331346891293,0.6555329968355738,1.0257002249863982,0.0,0.9711695926235907,0.0,2.7257463021273103,1.1624175719752263,0.0,0.0,0.0,0.0,2600.0,320.0,0.35,9.5,-1.0,7
12,dataset/reference/00012.png,dataset/search/00012.png,720.6386471130672,146.76997709973762,673.0195994940196,99.15092948069,95.23809523809524,95.23809523809524,dram_dense,scale_rot,6.9731424591801385,10.0,1582.4442342428274,178.33158721299358,1.2058958817918857,6.658372742025448,0.9377579569239262,0.40593707240942023,0.9640028975844265,0.0,1.0119156705442987,0.0,0.0,0.0,0.0,0.0,0.0,0.0,2600.0,320.0,0.35,10.5,1.5,7
13,dataset/reference/00013.png,dataset/search/00013.png,271.2173569257711,440.0815451114228,225.7628114712257,394.6269996568774,90.9090909090909,90.9090909090909,dram_1x,scale_rot,4.295935767133475,10.0,2524.1829678280696,198.05660869669913,2.603473561337615,6.2920726431951755,1.741028545576508,0.4119121392148046,1.0812184162258711,0.0,0.9993627319015137,0.0,0.0,0.0,0.0,0.0,0.0,0.0,2600.0,320.0,0.35,11.0,-1.5,7
14,dataset/reference/00014.png,dataset/search/00014.png,331.4008884013715,950.6029637343478,275.84533284581596,895.0474081787922,111.11111111111111,111.11111111111111,dram_loose,scale_rot,7.571197842792952,10.0,1880.5192942837575,161.79122810643577,1.980947605206587,5.193194879351763,1.2455089927919345,0.6970626984837279,1.012647787377178,0.0,0.94975305380144,0.0,3.6490744800493964,1.8817566453436048,0.0,0.0,0.0,0.0,2600.0,320.0,0.35,9.0,2.0,7
15,dataset/reference/00015.png,dataset/search/00015.png,907.5123451298053,463.77885817256845,854.8807661824369,411.1472792252,105.26315789473684,105.26315789473684,dram_legacy,scale_rot,3.600348562376614,10.0,2230.3965686186075,160.9194126820786,2.2620620629639507,6.190908092940604,1.1115010462593213,0.5225913226990476,0.8984493140449353,0.0,1.0194307675291598,0.0,0.0,0.0,0.0,0.0,0.0,0.0,2600.0,320.0,0.35,9.5,-2.0,7
16,dataset/reference/00016.png,dataset/search/00016.png,396.7713558129976,560.6513499300569,349.15230819395003,513.0323023110093,95.23809523809524,95.23809523809524,dram_dense,scale_rot,6.485306282859774,10.0,2015.9465915733124,211.3594956224832,2.562574416138548,7.360991531072339,1.2313305076900127,0.6422651524234425,0.9635300883622514,0.0,0.9748275272407777,0.0,0.0,0.0,0.0,0.0,0.0,0.0,2600.0,320.0,0.35,10.5,1.2,7
17,dataset/reference/00017.png,dataset/search/00017.png,763.2250973717416,66.59933676735487,717.7705519171961,21.144791312809417,90.9090909090909,90.9090909090909,dram_dense,scale_rot,6.227735556584278,10.0,1627.8731197075301,194.9466935911793,1.1050005880392704,6.720198376443776,1.7620139813872133,0.7002431593698321,1.0197898168626984,0.0,0.9134084848904154,0.0,0.0,0.0,0.0,0.0,0.0,0.0,2600.0,320.0,0.35,11.0,-1.2,7
18,dataset/reference/00018.png,dataset/search/00018.png,170.00828608879846,795.511107116061,114.4527305332429,739.9555515605055,111.11111111111111,111.11111111111111,dram_compact,scale_rot,7.0026584970049885,10.0,1902.1309141842275,232.4127015294858,2.6226181441426437,6.7956924659842874,1.4719813638799444,0.6800925969594698,0.9283706096816515,0.0,0.9485004017384722,0.0,2.4067847036526646,1.2277357588945952,0.0,0.0,0.0,0.0,2600.0,320.0,0.35,9.0,1.8,7
19,dataset/reference/00019.png,dataset/search/00019.png,150.60615656727975,107.64985486661556,105.1516111127343,62.1953094120701,90.9090909090909,90.9090909090909,dram_dense,scale_rot,3.149917533585835,10.0,2167.030844492511,216.9943141846508,2.0570591465616124,5.401183161211483,1.570283722713227,0.5486062029833935,0.9996904715500743,0.0,0.9563755004103169,0.0,1.795913967898902,1.1132279518113402,0.0,0.0,0.0,0.0,2600.0,320.0,0.35,11.0,-1.8,7
20,dataset/reference/00020.png,dataset/search/00020.png,247.82411861887934,840.3551086907693,197.92391901808094,790.4549090899709,99.8003992015968,99.8003992015968,dram_loose,hard_noise,6.415819301317581,10.0,1854.6337759538608,81.11549278639704,2.1963873850381255,9.820178429117213,2.409283597952388,0.7467321221745601,1.1144067556925183,0.0,0.8886584108105531,0.0,3.8131827711066126,1.0135820336895291,0.0,0.008097895599949197,0.0,0.0,2600.0,320.0,0.35,10.02,1.7195480144013797,7
21,dataset/reference/00021.png,dataset/search/00021.png,276.2356086747422,679.4297744008953,228.379559670148,631.5737253963011,95.71209800918835,95.71209800918835,dram_1x,hard_noise,5.197241800822088,10.0,2473.8306238738724,87.86004281126291,2.5114458343069073,8.505573416959813,2.0877625683081247,0.9593146058009939,0.9195814813120866,0.0,0.9854958222722604,0.0,3.5121508344562047,1.7135142002910042,0.0,0.0030137031594480172,0.0,0.0,2600.0,320.0,0.35,10.448,-0.5737715543588982,7
22,dataset/reference/00022.png,dataset/search/00022.png,401.5270119988999,275.9031070472717,351.86964781179097,226.24574286016275,99.31472837421789,99.31472837421789,dram_wide,hard_noise,5.7943362656827935,10.0,1969.2147597172575,112.9745173616097,1.45408850954636,8.969735117738184,2.3626100883389234,0.7654441067598586,0.9347421056704032,0.0,0.9596393341617171,0.0,3.138406517101644,1.3875213216871751,0.0,0.0032407574580019054,0.0,0.0,2600.0,320.0,0.35,10.069,0.8863724565650433,7
23,dataset/reference/00023.png,dataset/search/00023.png,140.243473062287,615.0218392807432,85.21981288841224,559.9981791068684,110.04732034774953,110.04732034774953,dram_1x,hard_noise,7.264144511570676,10.0,1831.558921609388,82.0146112334231,1.2032289379998784,9.317090536424482,1.7126335201714848,0.7731148714395992,1.058997076674941,0.0,0.8696550732909899,0.0,1.6778749902845942,1.4871829691422542,0.0,0.009649167350738399,0.0,0.0,2600.0,320.0,0.35,9.087,-1.6075227672568153,7
24,dataset/reference/00024.png,dataset/search/00024.png,396.7902200008514,256.4155062955472,346.55411028518773,206.17939657988356,100.47221943132725,100.47221943132725,dram_compact,hard_noise,6.027660712287717,10.0,2559.8925763553134,99.43659407320087,2.2384860744540163,8.40546010186627,1.764702686478654,0.8045220100369601,1.0652826092995638,0.0,0.8203412115681651,0.0,3.1561141214475232,1.494219780189555,0.0,0.005473118689007347,0.0,0.0,2600.0,320.0,0.35,9.953,-0.9785218031503362,7
25,dataset/reference/00025.png,dataset/search/00025.png,715.0177109042967,772.8334141757372,665.5666180351443,723.3823213065848,98.90218573830481,98.90218573830481,dram_dense,hard_noise,3.1778528043108913,10.0,2239.1215792320004,99.95850506456888,1.4147463064893695,9.505168998080347,2.4289843352778258,0.866156925185655,0.9826005567454978,0.0,0.9966276444611737,0.0,2.6781286778406654,2.045329130913776,0.0,0.00794367498880449,0.0,0.0,2600.0,320.0,0.35,10.111,1.1447004693505791,7
26,dataset/reference/00026.png,dataset/search/00026.png,253.94387926091886,392.8242494977261,203.78336561725916,342.6637358540664,100.32102728731942,100.32102728731942,dram_legacy,hard_noise,4.5281921172606525,10.0,2341.8115872074054,98.12962726987485,1.6285181804342093,9.158217739006924,2.21777521231492,0.7970185171050874,1.1003605669119698,0.0,1.0539422982697964,0.0,3.5974631752449717,1.3217112636717918,0.0,0.007049921588222895,0.0,0.0,2600.0,320.0,0.35,9.968,-1.1705532075253462,7
27,dataset/reference/00027.png,dataset/search/00027.png,134.64834876666126,757.0196348389873,85.05501411083901,707.426300183165,99.18666931164451,99.18666931164451,dram_wide,hard_noise,4.848290233346469,10.0,2974.605706433149,101.48842104742289,2.9168139891492064,8.76736320163388,1.7101924451791262,0.754990086621615,1.0155528873453767,0.0,1.0441502494774175,0.0,2.5278009199639984,1.5567144700593307,0.0,0.004919673825834953,0.0,0.0,2600.0,320.0,0.35,10.082,1.2699289190959817,7
28,dataset/reference/00028.png,dataset/search/00028.png,942.430785517764,630.8767914636471,887.5279635127129,575.973969458596,109.80564401010213,109.80564401010213,dram_wide,hard_noise,4.190339544709281,10.0,1694.3987197259435,89.67132263270426,2.791731065016732,8.83835303036891,1.7315022812934289,0.6071924523652411,0.8851319726746432,0.0,1.078673408187635,0.0,2.811434878419972,1.1227712860656693,0.0,0.00350520479112255,0.0,0.0,2600.0,320.0,0.35,9.107,-1.2106294237505617,7
29,dataset/reference/00029.png,dataset/search/00029.png,155.73791728260048,160.8141304342922,105.14087215003622,110.21708530172793,101.19409026512852,101.19409026512852,dram_compact,hard_noise,6.81711930436438,10.0,2146.5424914495284,116.41681647330505,2.126135542574561,9.722282861091958,2.219119980863369,0.6214849562857033,1.0153079274917536,0.0,0.837387941722205,0.0,3.841358897526356,1.7592037375630942,0.0,0.0024955461807899953,0.0,0.0,2600.0,320.0,0.35,9.882,0.2898169555912493,7
30,dataset/reference/00030.png,dataset/search/00030.png,844.6362757677362,470.937231714302,798.7352384042917,425.0361943508576,91.80207472688882,91.80207472688882,dram_wide,hard_geometry,6.4796049588922005,10.0,2128.0697548743747,236.70858363590776,1.7846878634698822,7.0512780916607785,2.046302719464299,0.8741158270311602,0.9422129276069648,0.0,0.9104231898220068,0.0,0.0,0.0,0.0,0.0,0.0,0.0,2600.0,320.0,0.0,10.893,0.8706472538886252,7
31,dataset/reference/00031.png,dataset/search/00031.png,275.8072322209542,309.14907464059377,228.01522304488842,261.357065464528,95.58401835213152,95.58401835213152,dram_compact,hard_geometry,5.36571771030003,10.0,2969.5421349565513,237.65163286086099,1.0917592937186589,7.838208737761569,1.7751059379820433,0.794193149095898,0.9195421419644286,0.0,0.941600765003053,0.0,0.0,0.0,0.0,0.0,0.0,0.0,2600.0,320.0,0.0,10.462,-1.0588016261927908,7
32,dataset/reference/00032.png,dataset/search/00032.png,438.033089004478,62.28594564423017,390.42764294144837,14.680499581200557,95.21089212605922,95.21089212605922,dram_1x,hard_geometry,7.65131349367296,10.0,2774.3845866303486,207.21127271789211,1.688697073918148,5.60072517330543,2.2490401049195965,0.7508156164624611,1.1111279291857143,0.0,1.0130910927332502,0.0,0.0,0.0,0.0,0.0,0.0,0.0,2600.0,320.0,0.0,10.503,0.016680813848109377,7
33,dataset/reference/00033.png,dataset/search/00033.png,233.08642451886504,97.85705024468237,184.08603251572902,48.85665824154635,98.00078400627204,98.00078400627204,dram_wide,hard_geometry,4.4311557025535535,10.0,2519.8158697033155,191.30122583706466,1.2086705440620742,6.603185724784283,2.323822306100287,0.5194839945437538,1.1179869357496695,0.0,0.9675481895718353,0.0,0.0,0.0,0.0,0.0,0.0,0.0,2600.0,320.0,0.0,10.204,-1.2719027582080509,7
34,dataset/reference/00034.png,dataset/search/00034.png,160.24422584608612,873.5274273419988,114.69443993007994,827.9776414259926,91.09957183201239,91.09957183201239,dram_compact,hard_geometry,5.453353522312823,10.0,1677.5281540218493,159.44480520513562,2.2654078347225513,5.3924758751027815,1.5327062765228239,0.625534060670047,1.0884662458127108,0.0,0.9533255069644948,0.0,0.0,0.0,0.0,0.0,0.0,0.0,2600.0,320.0,0.0,10.977,0.7733451846116952,7
35,dataset/reference/00035.png,dataset/search/00035.png,378.75477873459954,143.37655976643123,330.65473063455147,95.27651166638313,96.2000962000962,96.2000962000962,dram_wide,hard_geometry,6.320387375928461,10.0,2586.654803894562,127.12321703805465,1.2083641218848742,5.794837958019215,1.8614266943354894,0.6410182084467644,1.0236431587947887,0.0,0.9839197305085186,0.0,0.0,0.0,0.0,0.0,0.0,0.0,2600.0,320.0,0.0,10.395,-0.6528272431700564,7
36,dataset/reference/00036.png,dataset/search/00036.png,143.2635007757853,736.8181447199521,90.87456531895378,684.4292092631206,104.77787091366302,104.77787091366302,dram_dense,hard_geometry,6.335749862358007,10.0,2533.740717616478,134.08785237663923,1.9544498973738411,7.484210220650482,1.6468223162154623,0.826959136676767,0.9781751126383212,0.0,0.9129911246555611,0.0,0.0,0.0,0.0,0.0,0.0,0.0,2600.0,320.0,0.0,9.544,-1.1658818443356709,7
37,dataset/reference/00037.png,dataset/search/00037.png,725.9050339310021,921.8179322302592,673.0173673348523,868.9302656341094,105.77533319229956,105.77533319229956,dram_dense,hard_geometry,7.766450100414199,10.0,2575.6245138402464,217.48253670859745,2.0094893854705917,5.78703377607964,1.7474805305488488,0.8749597419373523,0.912658774540198,0.0,1.0268275687314161,0.0,0.0,0.0,0.0,0.0,0.0,0.0,2600.0,320.0,0.0,9.454,0.3543821657221229,7
38,dataset/reference/00038.png,dataset/search/00038.png,188.82213128474424,906.150773323251,139.07583738363988,856.4044794221466,99.49258780220873,99.49258780220873,dram_dense,hard_geometry,4.7335020111824955,10.0,2554.6585417025767,193.48114234138507,1.7663403227451184,6.8276803375412625,2.1377976295389973,0.7793273296201273,1.0167446438259287,0.0,1.017416652590134,0.0,0.0,0.0,0.0,0.0,0.0,0.0,2600.0,320.0,0.0,10.051,0.06812035815764439,7
39,dataset/reference/00039.png,dataset/search/00039.png,517.2485526303204,178.02179192183627,467.4229422665935,128.19618155810932,99.6512207274539,99.6512207274539,dram_compact,hard_geometry,4.957686564526197,10.0,1629.04855879048,185.03563883202563,1.3630509186887918,6.595814651410836,2.4498276942512565,0.5976139090674782,0.9848629100392056,0.0,0.9878406250943497,0.0,0.0,0.0,0.0,0.0,0.0,0.0,2600.0,320.0,0.0,10.035,-0.1523008684240832,7
